report_id,report_text,iogp_category_hint,suggested_tags,iogp_tags,sif_potential,energy_level,barrier_failure,human_proximity,exposure_duration,notes,labeled_by
R001,"Two employees were observing a crew reconfiguring a wellhead when trapped pressure was released inside the well and blew shrapnel - nuts, bolts, and valve parts - at them. One employee suffered an amputation injury to his thumb.",energy_isolation,energy_isolation,energy_isolation;line_of_fire,true,2,2,2,1,"High-pressure energy was uncontained, releasing shrapnel directly at the employees observing the task, resulting in a severe injury (thumb amputation). The workers were directly in the line of fire of",llm_weak_gold
R002,An employee was injured by an arc flash after equipment was re-energized. The employee was hospitalized.,energy_isolation,energy_isolation,energy_isolation;bypassing_safety_controls,true,2,2,2,1,"High-voltage electrical energy caused an arc flash resulting in hospitalization, indicating high energy and direct human proximity. Critical electrical isolation barriers were clearly inadequate or fa",llm_weak_gold
R003,"An employee found a frozen injection line and isolated it to pour in methanol to thaw it. While bleeding off gas from the isolated line and opening the needle valve, a flash fire occurred. He was burned reaching up to shut the valve.",energy_isolation,energy_isolation,hot_work;energy_isolation,true,2,2,2,1,"The employee was exposed to flammable gas under pressure which ignited into a flash fire, involving moderate-to-high chemical/thermal energy. A loss of containment and subsequent ignition occurred dur",llm_weak_gold
R004,"An employee was preparing to shoot a fluid level on a well. He screwed an echo gun onto the well casing and opened the casing valve. The outside of the valve threads failed under pressure, releasing H2S gas into the employee's face.",confined_space,confined_space,line_of_fire,false,2,1,2,1,The employee was directly exposed to pressurized H2S gas when well casing valve threads failed during an acoustic fluid level test. This involved high pressure and a toxic gas hazard with the worker d,llm_weak_gold
R005,"An employee was closing a manhole cover in the floor of a mud pit when a disconnected 6-inch discharge line lying next to the cover shifted, pinching the end of his finger between the floor grating and the line. He suffered an amputation.",confined_space,confined_space,line_of_fire,false,1,1,2,1,"A heavy 6-inch discharge line shifted while an employee was closing a floor manhole, pinching and amputating his finger. This involved heavy mechanical/gravitational energy of a shifting pipe, a lack ",llm_weak_gold
R006,"An employee was moving fluid from one end of a pit to the other, which required opening a metal grating hatch. While standing up, the hatch closed on his hand, amputating two fingertips.",confined_space,confined_space,,false,1,1,2,1,The employee experienced a severe injury (fingertip amputation) from a heavy metal grating hatch closing on his hand. While the mechanical energy of the falling hatch was sufficient to cause severe ph,llm_weak_gold
R007,"An employee slipped on ice on the rig floor and put his hand out to break his fall. His finger was caught between the stump and the Kelly, tearing skin off the fingertip.",line_of_fire,line_of_fire,,false,1,1,1,1,"A worker slipped on ice on the rig floor and suffered a hand injury from contact with the stationary Kelly stump, involving low-magnitude slip and kinetic energy. While an injury occurred, the physica",llm_weak_gold
R008,"A worker was hit by the tongs on his arm, chest, and leg after the snub line connected to the tongs snapped, causing the tongs to swing around and strike him. His hand was amputated.",line_of_fire,line_of_fire,safe_mechanical_lifting;line_of_fire,true,2,2,2,1,"High-magnitude mechanical and kinetic energy was released when the snub line snapped, causing the heavy tongs to swing violently and strike the worker. A critical physical barrier (the snub line/riggi",llm_weak_gold
R009,"A pipeline was being cleaned using a pig. The pig shot out of the pipeline and struck the employee, injuring the lower part of his body.",line_of_fire,line_of_fire,line_of_fire;energy_isolation,true,2,2,2,1,"High-pressure energy was present in the pipeline causing the pig to eject violently and strike the worker directly in the line of fire, resulting in injury. This involved high mechanical/pressure ener",llm_weak_gold
R010,"An employee was tightening a strap to tie down equipment on his truck when the pry bar came out of the hole and hit him in the mouth, fracturing his jaw.",line_of_fire,line_of_fire,line_of_fire,false,1,1,2,1,"An employee suffered a jaw fracture when a pry bar slipped while securing equipment on a truck, involving moderate manual force and mechanical energy. The task involved manual handling without a major",llm_weak_gold
R011,"Two employees were performing compression checks on cylinders. One opened the gas valve while the other bent over to light the starter. The gas flashed, engulfing an employee and causing second degree burns to his face, neck, wrist, and back.",hot_work,hot_work,hot_work;line_of_fire,true,2,2,2,1,"High flammable gas energy was present and ignited while a worker was directly in the line of fire (proximity 2, energy 2). Critical barriers such as safe sequencing and ignition source control failed ",llm_weak_gold
R012,"An employee and two vendor employees were repairing a tank dike liner with a heating iron. Flammable condensate had leaked from plumbing at a hammer union nearby. The heat gun ignited the vapors, causing third degree burns to the workers' hands.",hot_work,hot_work,hot_work;work_authorisation,true,2,2,2,1,"Hot work with a heating iron in close proximity to a leaking flammable condensate source resulted in a vapor ignition and severe burns to workers. This involves high chemical/thermal energy, a failure",llm_weak_gold
R013,"An employee was attempting to clear a hydrate formation in a gas pipeline at a tank battery when flammable gases and vapors ignited, causing first and third degree burns to his face, head, back, and hands.",hot_work,hot_work,hot_work;energy_isolation,true,2,2,2,1,"High-magnitude flammable gas energy was present and ignited during a line clearing activity, directly exposing the worker to thermal energy and causing severe burns. Critical ignition controls failed,",llm_weak_gold
R014,"An employee working on a rig fell approximately 5.5 feet from the top of a scavenger tank/platform to the matting board, requiring stitches to the head. Guardrails on top of the platform had been removed at the time.",working_at_height,working_at_height,working_at_height,true,2,2,2,1,"High gravitational energy was present from a fall of 5.5 feet (>2m equivalent, height >1.6m), a critical physical barrier (guardrails) was fully removed, the worker was directly in the exposure path d",llm_weak_gold
R015,"An employee fell from an elevated work platform on a drill rig while installing piping for the well, breaking both ankles.",working_at_height,working_at_height,working_at_height,true,2,2,2,1,"The worker fell from an elevated work platform on a drill rig, involving high gravitational energy (>2m) and direct exposure that resulted in severe injuries. A critical fall-protection barrier was ab",llm_weak_gold
R016,"A work crew was rigging up and had just installed a guardrail. Before it was secured with bolts, an employee leaned against it and fell 26 feet to the ground, sustaining five fractures to his back.",working_at_height,working_at_height,working_at_height,true,2,2,2,1,"High gravitational energy was present from working at a height of 26 feet (>2m), a critical physical barrier (guardrail) failed because it was unbolted, and the employee fell directly into the impact ",llm_weak_gold
R017,An employee was injured when a Genie man lift rolled over. The employee was hospitalized.,working_at_height,working_at_height,working_at_height;safe_mechanical_lifting,true,2,2,2,1,"A mobile elevating work platform (Genie man lift) rolled over resulting in an employee hospitalization, indicating high kinetic and gravitational energy from heavy equipment and working at height. Cri",llm_weak_gold
R018,An employee's finger was crushed during rigging-down operations at a well site. Surgery was required to remove the finger to the first knuckle.,safe_mechanical_lifting,safe_mechanical_lifting,safe_mechanical_lifting;line_of_fire,true,2,2,2,1,Mechanical lifting and rigging operations involve high mechanical energy (energy_level=2) with direct exposure and severe consequence resulting in amputation. A critical physical barrier or hand place,llm_weak_gold
R019,"An employee was loading equipment onto a truck, standing on a lubricator rack/catwalk while releasing straps on a crane, when the catwalk collapsed. He fell about 5 feet to the truck below and hit his head.",safe_mechanical_lifting,safe_mechanical_lifting,working_at_height;safe_mechanical_lifting,true,2,2,2,1,"The worker was at a height of 5 feet (~1.5m, presenting moderate-to-high gravitational energy) and directly in the exposure path when the catwalk collapsed, resulting in a fall and head strike. A stru",llm_weak_gold
R020,"An employee was lowering a roof over the mud tanks area during rigging-down procedures when the roof fell on top of him, fracturing his ribs.",safe_mechanical_lifting,safe_mechanical_lifting,safe_mechanical_lifting;line_of_fire,true,2,2,2,1,"A heavy structural roof fell on a worker during rigging-down operations, involving high gravitational and mechanical energy and direct impact resulting in a fractured rib injury. Critical physical rig",llm_weak_gold
R021,An employee suffered an amputation injury while rigging up a top drive at a well site.,safe_mechanical_lifting,safe_mechanical_lifting,safe_mechanical_lifting;line_of_fire,true,2,2,2,1,"The employee suffered an amputation injury while rigging up a top drive, which involves high mechanical/rotational energy and direct human exposure to a severe hazard. A critical physical control or b",llm_weak_gold
R022,"An employee was driving down a lease road, struck a rock, over-corrected, and ran off the road into larger rocks that deployed the airbag. The employee suffered a possible concussion.",driving,driving,driving,true,2,2,2,1,"The employee was operating a vehicle at speed, representing high mechanical/kinetic energy, and experienced a crash that deployed the airbag and caused injury. A critical driving control/barrier faile",llm_weak_gold
R023,"An employee was driving an ATV on a gas well access road. Going downhill, the rear end slipped on leaves and the ATV slid into a rut and flipped, throwing the employee off. He suffered a broken collarbone and three broken ribs.",driving,driving,driving,false,2,1,2,1,"A moving vehicle on a downhill slope represents high-magnitude kinetic energy, and the worker was directly exposed to a rollover event that resulted in a severe injury. This meets the SIF-potential th",llm_weak_gold
R024,An employee operating construction equipment ran off the road at a construction site and suffered broken bones.,driving,driving,driving;line_of_fire,true,2,2,2,1,"The report describes a mobile equipment incident where a vehicle ran off the road, resulting in a serious injury (broken bones). This involves high-magnitude energy (moving vehicle at speed), failure ",llm_weak_gold
R025,Crew started wireline job without a signed permit to work; supervisor said it would be filled in after the job to save time.,work_authorisation,work_authorisation,work_authorisation,false,1,1,1,1,"The report describes a procedural violation where a wireline job was started without a signed permit to work. Wireline operations involve high energy, but the text describes only the administrative om",llm_weak_gold
R026,Contractor began pipe fitting work on a live line before the JSA for the task was reviewed with the crew at toolbox talk.,work_authorisation,work_authorisation,work_authorisation,false,1,1,1,1,"The report describes pipe fitting work on a live line where the JSA review was missed during the toolbox talk. The energy level is moderate (live line, but routine pipe fitting), the administrative ba",llm_weak_gold
R027,Operator noticed the high-pressure trip kept nuisance-tripping the compressor and bypassed the interlock to keep production running through the shift.,bypassing_safety_controls,bypassing_safety_controls,bypassing_safety_controls;work_authorisation,true,2,2,2,2,"The operator bypassed a high-pressure trip control on a compressor to maintain production, exposing themselves and others to high-pressure energy throughout the shift with critical safety interlocks d",llm_weak_gold
R028,Machine guard on the mud pump was left off after maintenance because reinstalling it was slowing down the next job.,bypassing_safety_controls,bypassing_safety_controls,bypassing_safety_controls,false,1,2,1,2,"The mud pump guard was left off (mechanical hazard, energy_level=1 for routine machinery), representing a missing physical barrier (barrier_failure=2 for a removed machine guard). Workers operating ne",llm_weak_gold
R029,"Night shift electrician isolated the breaker for panel work without a signed electrical permit, relying only on verbal sign-off.",work_authorisation,work_authorisation,energy_isolation;work_authorisation,false,1,1,1,1,"The electrician performed low-magnitude electrical panel work with actual isolation performed, making energy level 1. The missing written permit represents an administrative barrier failure (score 1),",llm_weak_gold
R030,"Vessel entry team entered a separator for inspection using the previous day's permit, which had already expired at shift change.",work_authorisation,work_authorisation,confined_space;work_authorisation,false,1,1,1,1,"The vessel entry team used an expired permit from the previous shift for separator entry. While confined space entry involves potential atmospheric and physical hazards (energy_level=1), no actual haz",llm_weak_gold
R031,Rigger began a crane lift near overhead power lines without a lift plan sign-off from the site supervisor.,work_authorisation,work_authorisation,safe_mechanical_lifting;work_authorisation,true,2,2,2,1,"A crane lift near overhead power lines involves high electrical and mechanical energy, making energy_level=2. Operating without supervisor sign-off represents a missing critical lift plan barrier (bar",llm_weak_gold
R032,"Hot work permit was issued for a grinding job, but the fire watch was pulled to another task before the work finished.",work_authorisation,work_authorisation,hot_work;work_authorisation,false,1,1,1,1,"The report describes a hot work grinding job where the fire watch was temporarily reassigned before work finished. While hot work involves an ignition source, the actual hazard energy is low-moderate,",llm_weak_gold
R033,Scaffold was used for working at height before the scaffold tag inspection had been completed and signed.,work_authorisation,work_authorisation,working_at_height;work_authorisation,false,2,1,1,1,"The scaffold had a height hazard (>2m, energy=1-2 depending on height, though structurally sound), but the primary failure was administrative (missing inspection tag, barrier_failure=1). The worker wa",llm_weak_gold
R034,New contractor crew started excavation near buried pipeline markers without obtaining an excavation permit.,work_authorisation,work_authorisation,work_authorisation,false,1,1,1,1,"The crew performed excavation near buried pipelines without an excavation permit, representing a work authorisation violation. However, the energy level is moderate/low as no line strike or high-magni",llm_weak_gold
R035,"Pressure relief valve was gagged after repeated lifting during startup, to keep the unit online for the shift.",bypassing_safety_controls,bypassing_safety_controls,bypassing_safety_controls,true,2,2,2,2,High-pressure energy was present and a critical safety control (relief valve) was deliberately defeated to keep the unit running. Operators were exposed to this high-pressure hazard for a prolonged pe,llm_weak_gold
R036,Emergency shutdown pushbutton on the wellhead was taped over to prevent accidental trips during a workover.,bypassing_safety_controls,bypassing_safety_controls,bypassing_safety_controls,false,1,2,1,1,"The emergency shutdown (ESD) control was deliberately taped over to prevent accidental trips during a workover, representing a bypassed safety control. However, this is an administrative or procedural",llm_weak_gold
R037,Gas detector alarm in the compressor shed was silenced and left disabled after nuisance alarms the previous week.,bypassing_safety_controls,bypassing_safety_controls,bypassing_safety_controls,false,1,2,1,1,"The gas detector (a safety control) was disabled following nuisance alarms, representing a critical safety control bypass. However, no gas release or high-energy hazard was actively present at the tim",llm_weak_gold
R038,Interlock on the guard door of a shale shaker was defeated with a jumper wire so the crew could clear a blockage without stopping the equipment.,bypassing_safety_controls,bypassing_safety_controls,bypassing_safety_controls;line_of_fire,true,2,2,2,1,"The crew deliberately defeated a safety interlock with a jumper wire to access moving mechanical parts (shale shaker), which involves mechanical/rotational energy and a bypassed critical safety contro",llm_weak_gold
R039,Low-level trip on a separator was overridden from the control room to avoid a false shutdown during a busy loading operation.,bypassing_safety_controls,bypassing_safety_controls,bypassing_safety_controls,false,1,2,1,1,"An operational override of a separator trip involves pressure energy control, but the task itself was routine operation with moderate hazard magnitude and administrative bypass, resulting in low overa",llm_weak_gold
R040,Seatbelt interlock on a forklift was disconnected because it kept stalling the engine on rough ground.,bypassing_safety_controls,bypassing_safety_controls,bypassing_safety_controls;driving,true,2,2,2,2,"The forklift operator disconnected the seatbelt interlock to prevent engine stalling, bypassing a critical safety control while operating a moving vehicle (high kinetic energy). The vehicle operator w",llm_weak_gold
R041,"Electrician started rewiring a junction box without verifying zero energy with a meter, relying only on the breaker tag.",energy_isolation,energy_isolation,energy_isolation;work_authorisation,false,1,1,1,1,"The electrician performed electrical work relying solely on a breaker tag without verifying zero energy with a meter, which is an energy isolation violation. However, the energy level is moderate (low",llm_weak_gold
R042,"Pipefitter opened a flange on a line believed to be isolated, but a bypass valve had not been closed, releasing residual product.",energy_isolation,energy_isolation,energy_isolation;line_of_fire,false,2,2,2,1,"The worker opened a flange on a line with residual product because a bypass valve was left open, indicating an energy isolation failure involving pressurized process fluids. The worker was directly ex [percentile-cap: demoted from SIF+]",llm_weak_gold
R043,Mechanic began a pump seal replacement after misreading an isolation tag meant for an adjacent pump.,energy_isolation,energy_isolation,energy_isolation;work_authorisation,false,1,1,1,1,"The mechanic engaged in a pump seal replacement on the wrong pump due to misreading an isolation tag, creating potential exposure to process energy. However, the task was localized and brief, the ener",llm_weak_gold
R044,"Crew removed a lockout on a conveyor to check a jam, without re-isolating before reaching in.",energy_isolation,energy_isolation,energy_isolation;line_of_fire,false,1,2,2,1,"The crew reached into a conveyor to clear a jam immediately after removing the lockout, creating potential exposure to mechanical/kinetic energy. While the isolation was removed prematurely, the hazar",llm_weak_gold
R045,"Worker entered a mud pit for cleaning without a current gas test, relying on the previous day's reading.",confined_space,confined_space,confined_space;work_authorisation,false,1,1,1,1,"The worker entered a mud pit (confined space) without a fresh gas test, relying on outdated readings. While this is a serious violation of confined space controls, the actual hazard energy (atmosphere",llm_weak_gold
R046,Attendant left a tank entry unattended briefly to answer a radio call while the entrant continued work inside.,confined_space,confined_space,confined_space,false,1,1,1,1,"The report describes a tank entry where the attendant briefly left their post to answer a radio call while the entrant was inside. This involves a confined space hazard (moderate-to-high risk, energy_",llm_weak_gold
R047,"Two workers entered a separator vessel for inspection without a signed entry permit, assuming it was a quick look.",confined_space,confined_space,confined_space;work_authorisation,false,1,2,1,1,"The workers entered a confined space vessel without an entry permit, representing a failure of the work authorisation and confined space barriers. However, no specific hazardous atmosphere or high ene",llm_weak_gold
R048,"Crew entered a below-grade vault to check a valve without testing for H2S, despite known sour gas history in the area.",confined_space,confined_space,confined_space;work_authorisation,true,2,2,2,1,"The crew entered a confined space in a known sour gas area without conducting a pre-entry gas test, representing a critical failure of the gas-testing barrier in an environment with potential high-con",llm_weak_gold
R049,A worker stood under a suspended load while helping guide a pipe section into position with a tag line.,line_of_fire,line_of_fire,safe_mechanical_lifting;line_of_fire,false,2,1,2,1,"The worker was directly positioned beneath a suspended load (high gravitational energy), which placed them in the direct line of fire of a heavy dropped object. Although they used a tag line, standing",llm_weak_gold
R050,An employee walked through the swing radius of an active crane to reach a tool cart on the far side.,line_of_fire,line_of_fire,safe_mechanical_lifting;line_of_fire,true,2,2,2,1,"The employee entered the swing radius of an active crane (high mechanical lifting energy = 2), a critical exclusion zone barrier was breached (barrier failure = 2), the worker was directly in the line",llm_weak_gold
R051,A crew member stood near a pressurized hose connection while it was being pressure-tested.,line_of_fire,line_of_fire,line_of_fire,false,2,1,2,1,"The crew member was standing near a pressurized hose during testing, which involves moderate-to-high pressure energy and proximity to the line of fire. However, pressure testing is a controlled activi",llm_weak_gold
R052,A worker positioned himself between a truck and a loading rack while the truck was still being spotted.,line_of_fire,line_of_fire,line_of_fire;driving,false,2,1,2,1,"The worker placed themselves directly in the line of fire between a moving vehicle (truck) and a fixed structure (loading rack) while the vehicle was in motion, involving high mechanical/vehicular ene",llm_weak_gold
R053,Welder began cutting near a tank containing residual hydrocarbon vapors without a gas test beforehand.,hot_work,hot_work,hot_work;work_authorisation,true,2,2,2,1,"Hot work was initiated near hydrocarbon vapors without a gas test, creating an immediate flammable atmosphere hazard where the welder was directly exposed. Although exposure was brief, the combination",llm_weak_gold
R054,Grinding sparks ignited nearby rags soaked in solvent that had not been cleared from the work area.,hot_work,hot_work,hot_work,false,1,1,1,1,"Grinding activities generated ignition sources near flammable solvent rags, leading to a localized fire hazard. Moderate thermal energy was present (1), housekeeping and flammable controls failed (1),",llm_weak_gold
R055,"A hot work permit was issued for one location, but the crew moved to weld at a second spot without re-checking the atmosphere there.",hot_work,hot_work,hot_work;work_authorisation,false,1,1,1,1,"The crew performed hot work at a new location without verifying the atmosphere, representing a failure to properly control ignition and flammable sources under a valid work authorisation. However, the",llm_weak_gold
R056,"Fire watch was not maintained for the required time after welding finished, and a smoldering ember reignited nearby insulation.",hot_work,hot_work,hot_work;work_authorisation,false,1,2,1,1,"Hot work was performed with inadequate fire watch duration, leading to a small insulation smolder. While thermal energy was present, it was low-magnitude post-welding heat rather than active high pres",llm_weak_gold
R057,"A worker climbed a ladder to a platform without securing the ladder's base, and it slid out from under him.",working_at_height,working_at_height,working_at_height,false,2,2,2,1,"The worker climbed an unsecured ladder to a platform and experienced a fall when the ladder slipped, involving gravitational energy at height (>2m) and a failure of the physical stabilization barrier  [percentile-cap: demoted from SIF+]",llm_weak_gold
R058,An employee leaned over an unguarded edge of a tank roof to retrieve a dropped tool.,working_at_height,working_at_height,working_at_height;line_of_fire,false,2,2,2,1,"The employee leaned over an unguarded tank roof edge (>2m) to retrieve a tool, presenting high gravitational energy and a fall hazard with a missing physical barrier (guardrail/protection). The worker [percentile-cap: demoted from SIF+]",llm_weak_gold
R059,A worker used a harness but failed to clip the lanyard to an approved anchor point while working on a flare stack.,working_at_height,working_at_height,working_at_height,false,2,1,1,1,"The worker was at height on a flare stack (>2m, high gravitational energy = 2), but the harness was worn and only the lanyard attachment was missed (administrative/behavioral lapse, partially present ",llm_weak_gold
R060,"A crew member stood on the top rung of a stepladder to reach a valve, losing balance when it wobbled.",working_at_height,working_at_height,working_at_height,false,2,1,1,1,"The worker was at height on a stepladder (>2m gravitational energy, energy_level=2) and lost balance, but managed to recover without falling, meaning proximity and exposure were brief and limited (pro",llm_weak_gold
R061,A rigger used a sling rated below the load weight because the correct sling was not available on site.,safe_mechanical_lifting,safe_mechanical_lifting,safe_mechanical_lifting;line_of_fire,false,2,2,2,1,"The rigger used an undersized sling for a lift, presenting gravitational and mechanical energy hazards (energy_level=2). A critical physical barrier (correctly rated rigging equipment) was absent due  [percentile-cap: demoted from SIF+]",llm_weak_gold
R062,"A crane operator lifted a load with the boom angle steeper than the load chart allowed, causing the load to swing.",safe_mechanical_lifting,safe_mechanical_lifting,safe_mechanical_lifting;line_of_fire,false,1,1,1,1,"A crane operator lifted a load outside of the safe load chart parameters, causing the load to swing and introducing gravitational and mechanical energy. While the load swung (energy_level=1 for modera",llm_weak_gold
R063,A worker stood within the fall radius while guiding a suspended pipe rack into place by hand.,safe_mechanical_lifting,safe_mechanical_lifting,safe_mechanical_lifting;line_of_fire,false,2,2,2,1,"The worker was guiding a suspended pipe rack by hand while standing within the fall radius, representing high gravitational energy from a heavy suspended load combined with direct human proximity in t [percentile-cap: demoted from SIF+]",llm_weak_gold
R064,"A tagline was not used during the lift of an awkward-shaped load, allowing it to spin and strike a nearby worker.",safe_mechanical_lifting,safe_mechanical_lifting,safe_mechanical_lifting;line_of_fire,false,2,2,2,1,The report describes a suspended load (mechanical lifting energy) that spun and struck a worker because a tagline was not used (control barrier failure). The worker was directly in the line of fire of [percentile-cap: demoted from SIF+],llm_weak_gold
R065,A driver checked a work order on a mobile phone while driving on a lease road and drifted off the shoulder.,driving,driving,driving,false,2,2,2,1,"The driver was operating a moving vehicle while distracted by a mobile phone, representing high-magnitude kinetic energy and direct exposure in the driver's seat. A critical safety rule regarding dist [percentile-cap: demoted from SIF+]",llm_weak_gold
R066,A crew truck driver exceeded the site speed limit on a gravel access road and lost control on a curve.,driving,driving,driving,false,2,2,2,1,A moving vehicle represents high-magnitude kinetic energy (energy_level=2) with the driver directly exposed to the crash impact (human_proximity=2). The vehicle safety speed control barrier failed (ba [percentile-cap: demoted from SIF+],llm_weak_gold
R067,A night-shift driver was assigned a long solo trip to a remote well pad without a fatigue break and drifted into the oncoming lane.,driving,driving,driving,false,2,2,2,1,"A driver operating a vehicle on a long solo trip experienced fatigue and drifted into the oncoming lane, representing high vehicular kinetic energy with direct exposure in the path of hazard. A critic [percentile-cap: demoted from SIF+]",llm_weak_gold
R068,A driver failed to wear a seatbelt on a short site move and was thrown from the vehicle after hitting a pothole.,driving,driving,driving,false,2,2,2,1,"The driver was operating a moving vehicle without a seatbelt, representing high kinetic energy (driving) and a fully absent critical barrier (seatbelt). The driver was directly exposed to being thrown [percentile-cap: demoted from SIF+]",llm_weak_gold
R069,"Wireline crew began rig-up work using a permit written for a different pad, since the correct one had not been issued yet.",work_authorisation,work_authorisation,work_authorisation,false,1,1,1,1,"The crew performed wireline rig-up using an incorrect, invalid permit. Wireline operations involve high-energy pressure and mechanical equipment, but at the moment of this administrative discrepancy, ",llm_weak_gold
R070,"A pipefitter started tie-in work after the permit's time window had expired, assuming the extension was automatic.",work_authorisation,work_authorisation,work_authorisation,false,1,1,1,1,The report describes a routine low-energy pipefitting task where work continued past the permitted time window due to an administrative assumption. The task involved low hazard energy (pipefitting at ,llm_weak_gold
R071,Crane operator moved a load without a signed lift permit because the crew lead said they had done this move before.,work_authorisation,work_authorisation,safe_mechanical_lifting;work_authorisation,false,1,1,1,1,"The crane operator performed a lift without a valid permit, representing an administrative barrier failure. However, the lift itself was a routine move with moderate mechanical energy, and the report ",llm_weak_gold
R072,Electrical isolation was performed by a technician who was not listed as an authorized isolator on the permit.,work_authorisation,work_authorisation,energy_isolation;work_authorisation,false,1,1,1,1,"The report describes a procedural violation where an unauthorized technician performed an electrical isolation. The energy level is low (routine electrical panel/isolation), the administrative barrier",llm_weak_gold
R073,A confined space entry was authorized verbally by a supervisor over radio instead of a signed permit.,work_authorisation,work_authorisation,confined_space;work_authorisation,false,1,2,1,1,"A confined space entry was performed without a signed written permit, relying only on a verbal authorization over the radio. While this is a clear work authorization violation, no hazardous atmosphere",llm_weak_gold
R074,A pressure switch that kept nuisance-tripping the pump was wired around during a night shift to avoid repeated callouts.,bypassing_safety_controls,bypassing_safety_controls,bypassing_safety_controls;energy_isolation,false,1,2,1,2,"Operators deliberately bypassed a safety control (pressure switch) on a pump during a night shift. While the bypass defeated a protective system, the pump is a moderate-energy operational unit rather ",llm_weak_gold
R075,Guard on a rotating shaft was removed to clear a wrap and not reinstalled before restart.,bypassing_safety_controls,bypassing_safety_controls,bypassing_safety_controls;line_of_fire,false,2,2,2,1,"The rotating shaft represents a high-magnitude mechanical energy source. The critical physical barrier (the guard) was completely absent during restart, and the operator was in close proximity to clea [percentile-cap: demoted from SIF+]",llm_weak_gold
R076,A high-high level alarm on a tank was muted in the DCS after repeated false alarms during a rain event.,bypassing_safety_controls,bypassing_safety_controls,bypassing_safety_controls,false,1,2,0,1,"The operator muted a high-high level alarm on a tank in the DCS due to false alarms, representing a bypassed safety control. However, no high-energy release, tank overfill, or direct worker exposure o",llm_weak_gold
R077,A fall-arrest anchor point's failed inspection tag was ignored and the line was used anyway because no spare was available.,bypassing_safety_controls,bypassing_safety_controls,working_at_height;work_authorisation,false,1,1,1,1,"Working at height involves gravitational energy, but the anchor point was used without a valid inspection tag rather than structurally failing. The missing inspection tag represents an administrative ",llm_weak_gold
R078,A vehicle's reverse alarm was disconnected after complaints about noise on night shift.,bypassing_safety_controls,bypassing_safety_controls,bypassing_safety_controls;driving,false,2,2,1,1,"A vehicle's reverse alarm was disconnected, which is a bypassing of a safety control/warning device on a moving vehicle (moderate-high kinetic energy). The critical warning barrier was fully absent (b",llm_weak_gold
R079,"A technician assumed a valve was closed based on the handle position, without confirming with a pressure gauge.",energy_isolation,energy_isolation,energy_isolation,false,1,1,1,1,"The technician relied on visual handle position rather than verifying zero energy via a pressure gauge, which is an energy isolation issue. However, the report does not indicate that pressure was actu",llm_weak_gold
R080,"Two isolation points were required for the job, but only one was locked out before work began.",energy_isolation,energy_isolation,energy_isolation;work_authorisation,false,1,1,1,1,"The report describes a procedural failure where only one of two required isolation points was locked out before work began, representing a degraded barrier on an energy isolation task. However, the en",llm_weak_gold
R081,"A worker removed a lock from an isolated breaker to test if power was restored, without informing the crew.",energy_isolation,energy_isolation,energy_isolation;bypassing_safety_controls,false,1,2,1,1,"The worker removed an energy isolation lock on an electrical breaker without coordination, which breaches safe isolation practices. However, the electrical panel represents moderate or low-voltage ene",llm_weak_gold
R082,An isolation certificate was transferred to a new crew without a walkdown to confirm the points were still isolated.,energy_isolation,energy_isolation,energy_isolation;work_authorisation,false,1,1,1,1,The report describes a procedural failure regarding the transfer of an isolation certificate without a mandatory physical walkdown. Since no specific high-energy system malfunction or active release o,llm_weak_gold
R083,"A hydraulic line was assumed depressurized after shutdown, but stored pressure remained and sprayed fluid when disconnected.",energy_isolation,energy_isolation,energy_isolation,false,2,2,2,1,"Stored hydraulic pressure released when disconnected, involving moderate-to-high pressure energy. The isolation barrier failed to bleed down the energy fully. The worker was directly exposed in the li [percentile-cap: demoted from SIF+]",llm_weak_gold
R084,"Gas testing equipment was not calibrated before use, giving a false safe reading inside a tank.",confined_space,confined_space,confined_space;work_authorisation,false,1,2,2,1,"Gas testing equipment was uncalibrated and used inside a tank, representing a critical failure of a safety barrier prior to entry. While the confined space involved moderate atmospheric energy rather ",llm_weak_gold
R085,An entrant continued working after the attendant left the entry point to retrieve a forgotten tool.,confined_space,confined_space,confined_space,false,1,1,1,1,"The report describes a confined space entrant working briefly without an attendant present, representing a breakdown in administrative safety controls. As no hazardous atmosphere or physical energy ha",llm_weak_gold
R086,A ventilation blower was turned off partway through the job because it was making entry uncomfortably loud.,confined_space,confined_space,confined_space;bypassing_safety_controls,false,1,1,1,1,"Turning off a ventilation blower in a workspace reduces air exchange, but no high-energy hazard or atmospheric hazard was described as actively present. This is a procedural/comfort issue rather than ",llm_weak_gold
R087,A worker climbed into a pit through a secondary opening that had not been included in the entry permit.,confined_space,confined_space,confined_space;work_authorisation,false,1,1,1,1,"The worker entered a confined space pit through an unpermitted opening, representing a work authorisation and confined space violation. However, the energy level and hazard context of the pit are not ",llm_weak_gold
R088,Rescue equipment listed on the confined space permit was not actually staged at the entry point.,confined_space,confined_space,confined_space;work_authorisation,false,1,1,1,1,"The report describes a confined space entry where required rescue equipment was missing from the entry point, representing a missing administrative/emergency barrier. However, no hazardous energy or a",llm_weak_gold
R089,A worker crouched next to a wellhead during a pressure test instead of standing behind the designated barrier.,line_of_fire,line_of_fire,line_of_fire,false,2,2,2,1,"The worker was positioned near a wellhead under pressure without utilizing the designated protective barrier, exposing them to potential high-pressure release. However, the pressure test was controlle [percentile-cap: demoted from SIF+]",llm_weak_gold
R090,An employee reached into a pinch point on a conveyor to clear debris while it was still running.,line_of_fire,line_of_fire,energy_isolation;line_of_fire;bypassing_safety_controls,false,2,2,2,1,"The employee exposed their hand to a running conveyor belt, a high-magnitude mechanical energy source with an active pinch point, directly placing a body part in the line of fire. The physical guard o [percentile-cap: demoted from SIF+]",llm_weak_gold
R091,A worker walked under a boom while a crane was repositioning a load overhead.,line_of_fire,line_of_fire,safe_mechanical_lifting;line_of_fire,false,2,1,2,1,"The worker walked under a suspended load, placing themselves directly in the line of fire of a heavy suspended load (high gravitational/mechanical energy). This represents a severe exposure to a dropp",llm_weak_gold
R092,Two workers stood on opposite sides of a pipe being straightened under tension when it snapped.,line_of_fire,line_of_fire,line_of_fire,false,2,2,2,1,"High mechanical energy was present under tension, and the pipe snapped while workers were positioned directly in the line of fire on opposite sides. This represents a severe release of stored mechanic [percentile-cap: demoted from SIF+]",llm_weak_gold
R093,A worker stood downwind of a pressure relief vent during a blowdown.,line_of_fire,line_of_fire,line_of_fire,false,2,1,2,1,"The worker was exposed to potential high-pressure release by standing downwind of a pressure relief vent during a blowdown (moderate-to-high energy, proximity to release path). While the activity itse",llm_weak_gold
R094,"A welding blanket was not used to shield nearby insulation, which later ignited from stray sparks.",hot_work,hot_work,hot_work,false,1,1,1,1,Stray welding sparks ignited nearby insulation because a protective welding blanket was omitted. This involves moderate thermal energy from hot work and a degraded administrative/precautionary barrier,llm_weak_gold
R095,Gas testing was performed at the start of a hot work job but not repeated after a shift change several hours later.,hot_work,hot_work,hot_work;work_authorisation,false,1,1,1,1,"The report describes a procedural lapse where gas testing was not repeated following a shift change during a hot work operation. The energy level is moderate (flammable/hot work environment, but no ac",llm_weak_gold
R096,A grinder was used near an open drum of solvent that had not been moved out of the hot work area.,hot_work,hot_work,hot_work,false,1,2,1,1,"The use of a grinder (ignition source) near an open solvent drum represents flammable and ignition energy. The required control to remove flammables from the hot work area was absent, and workers were",llm_weak_gold
R097,Hot work continued through a wind shift that blew sparks toward a nearby vent stack.,hot_work,hot_work,hot_work,false,1,1,1,1,"Hot work was performed while a wind shift blew sparks toward a nearby vent stack, presenting an ignition hazard near a potential hydrocarbon source. While an ignition source and flammables were presen",llm_weak_gold
R098,"A contractor began cutting a pipe believed to be empty, but residual product ignited when the torch made contact.",hot_work,hot_work,hot_work;energy_isolation;line_of_fire,false,2,2,2,1,"The contractor encountered residual flammable product while cutting a pipe, resulting in a flash fire/ignition (hot_work, energy_level=2 for thermal/flammable energy). A critical verification barrier  [percentile-cap: demoted from SIF+]",llm_weak_gold
R099,"A worker used an extension ladder that was too short for the platform, overreaching from the top rungs.",working_at_height,working_at_height,working_at_height,false,2,1,2,1,"The worker was working at height on an extension ladder while overreaching, presenting gravitational energy at height (>2m, energy_level=2) and a physical fall hazard with a degraded procedural barrie",llm_weak_gold
R100,Fall protection was clipped to a handrail instead of a rated anchor point on an elevated walkway.,working_at_height,working_at_height,working_at_height,false,2,1,2,1,"The worker was at height (>2m) and clipped their fall protection to a handrail rather than a rated anchor point, representing gravitational energy exposure with a degraded/improper barrier. While the ",llm_weak_gold
R101,A worker removed his harness briefly to reposition tools and slipped before reattaching.,working_at_height,working_at_height,working_at_height,false,2,2,2,1,"The worker was at height and removed his harness to reposition tools, slipping before reattaching. Although a fall hazard existed, no actual fall from height occurred, meaning gravitational energy was [percentile-cap: demoted from SIF+]",llm_weak_gold
R102,"Scaffold planks were missing toe boards, and a dropped tool struck a worker below.",working_at_height,working_at_height,working_at_height,false,2,2,2,1,"Gravitational energy was present from elevated work where a dropped tool struck a worker below. A critical physical barrier (toe boards) was absent, and a worker in the exposure path was directly stru [percentile-cap: demoted from SIF+]",llm_weak_gold
R103,A worker climbed onto equipment to gain height instead of using the available man-lift.,working_at_height,working_at_height,working_at_height,false,2,1,1,1,"The worker climbed onto equipment for height without using the proper man-lift, introducing a fall hazard greater than 2m. While the height energy source is present, the worker's exposure was brief an",llm_weak_gold
R104,A load was lifted using a single-leg sling instead of the required multi-leg configuration for the shape of the load.,safe_mechanical_lifting,safe_mechanical_lifting,safe_mechanical_lifting,false,2,1,1,1,"A mechanical lifting operation was conducted using an incorrect sling configuration, introducing the hazard of an unstable suspended load and gravitational energy. A worker was in the proximity of the",llm_weak_gold
R105,"Riggers proceeded with a lift after noticing a frayed section of the sling, planning to inspect it after the job.",safe_mechanical_lifting,safe_mechanical_lifting,safe_mechanical_lifting;line_of_fire,false,2,2,2,1,"The riggers proceeded with a mechanical lift using a visibly damaged/frayed sling, introducing high gravitational energy from a suspended load while ignoring a critical physical barrier (sling integri [percentile-cap: demoted from SIF+]",llm_weak_gold
R106,A crane's outriggers were not fully extended before a lift near the edge of its rated capacity.,safe_mechanical_lifting,safe_mechanical_lifting,safe_mechanical_lifting;line_of_fire,false,2,2,2,1,"A crane lift near rated capacity with outriggers not fully extended creates high mechanical/gravitational energy potential due to the risk of crane tip-over, and the operator/rigging crew were in the  [percentile-cap: demoted from SIF+]",llm_weak_gold
R107,"A worker used his hands to guide a load into place instead of a tag line, and his fingers were caught.",safe_mechanical_lifting,safe_mechanical_lifting,line_of_fire;safe_mechanical_lifting,false,1,2,2,1,"The worker was guiding a mechanical load with hands instead of a tag line, resulting in fingers being caught, which involves mechanical pinch-point energy in the line of fire. A critical physical barr",llm_weak_gold
R108,Two cranes were used to lift a single load without a documented dual-lift plan.,safe_mechanical_lifting,safe_mechanical_lifting,safe_mechanical_lifting;work_authorisation,false,2,2,2,1,"The dual-lift operation involved heavy suspended loads and complex lifting dynamics, which constitutes high-magnitude mechanical energy (energy_level: 2). The critical administrative and planning barr [percentile-cap: demoted from SIF+]",llm_weak_gold
R109,A driver skipped the pre-trip vehicle inspection and later discovered the brakes were low on fluid mid-route.,driving,driving,driving,false,1,1,1,1,"The driver operated a vehicle without a pre-trip inspection and encountered low brake fluid mid-route, representing moving vehicle energy and a degraded administrative barrier. While driving involves ",llm_weak_gold
R110,A supervisor pressured a driver to keep driving past the mandated rest break to make a delivery window.,driving,driving,driving,false,1,1,1,2,"The report describes a driving operations issue involving fatigue pressure rather than a high-speed vehicle crash or mechanical kinetic energy event, though extended driving presents moderate transpor",llm_weak_gold
R111,A driver took a shortcut on an unmaintained lease road in heavy rain and became stuck near a wash-out.,driving,driving,driving,false,1,1,1,1,"The driver navigated an unmaintained lease road in severe weather, encountering a wash-out which represents vehicular and environmental hazards. However, the vehicle successfully became stuck without ",llm_weak_gold
R112,A worker rode in the bed of a pickup truck between well pads instead of using the cab.,driving,driving,driving,false,2,2,2,1,"The worker was exposed to vehicular transportation hazards while riding in an unsecured truck bed, representing moving vehicle energy. While the vehicle was in motion (exposure), riding in a truck bed [percentile-cap: demoted from SIF+]",llm_weak_gold
R113,A driver failed to chain up in icy conditions on a mountain access road and slid off the shoulder.,driving,driving,driving,false,2,2,2,1,"A vehicle sliding off a mountain road involves moving heavy machinery and gravitational energy, representing high-magnitude energy. A critical control (chaining up in icy conditions) was fully absent, [percentile-cap: demoted from SIF+]",llm_weak_gold
