report_id,report_text,iogp_category_hint,source_type,source_id
R001,"Two employees were observing a crew reconfiguring a wellhead when trapped pressure was released inside the well and blew shrapnel - nuts, bolts, and valve parts - at them. One employee suffered an amputation injury to his thumb.",energy_isolation,real_osha,20191213024
R002,An employee was injured by an arc flash after equipment was re-energized. The employee was hospitalized.,energy_isolation,real_osha,20191213168
R003,"An employee found a frozen injection line and isolated it to pour in methanol to thaw it. While bleeding off gas from the isolated line and opening the needle valve, a flash fire occurred. He was burned reaching up to shut the valve.",energy_isolation,real_osha,2025054583
R004,"An employee was preparing to shoot a fluid level on a well. He screwed an echo gun onto the well casing and opened the casing valve. The outside of the valve threads failed under pressure, releasing H2S gas into the employee's face.",confined_space,real_osha,2017010239
R005,"An employee was closing a manhole cover in the floor of a mud pit when a disconnected 6-inch discharge line lying next to the cover shifted, pinching the end of his finger between the floor grating and the line. He suffered an amputation.",confined_space,real_osha,2021021143
R006,"An employee was moving fluid from one end of a pit to the other, which required opening a metal grating hatch. While standing up, the hatch closed on his hand, amputating two fingertips.",confined_space,real_osha,2023043132
R007,"An employee slipped on ice on the rig floor and put his hand out to break his fall. His finger was caught between the stump and the Kelly, tearing skin off the fingertip.",line_of_fire,real_osha,2015010318
R008,"A worker was hit by the tongs on his arm, chest, and leg after the snub line connected to the tongs snapped, causing the tongs to swing around and strike him. His hand was amputated.",line_of_fire,real_osha,2015010670
R009,"A pipeline was being cleaned using a pig. The pig shot out of the pipeline and struck the employee, injuring the lower part of his body.",line_of_fire,real_osha,2015010976
R010,"An employee was tightening a strap to tie down equipment on his truck when the pry bar came out of the hole and hit him in the mouth, fracturing his jaw.",line_of_fire,real_osha,2015010526
R011,"Two employees were performing compression checks on cylinders. One opened the gas valve while the other bent over to light the starter. The gas flashed, engulfing an employee and causing second degree burns to his face, neck, wrist, and back.",hot_work,real_osha,2016076361
R012,"An employee and two vendor employees were repairing a tank dike liner with a heating iron. Flammable condensate had leaked from plumbing at a hammer union nearby. The heat gun ignited the vapors, causing third degree burns to the workers' hands.",hot_work,real_osha,2017098896
R013,"An employee was attempting to clear a hydrate formation in a gas pipeline at a tank battery when flammable gases and vapors ignited, causing first and third degree burns to his face, head, back, and hands.",hot_work,real_osha,20171111011
R014,"An employee working on a rig fell approximately 5.5 feet from the top of a scavenger tank/platform to the matting board, requiring stitches to the head. Guardrails on top of the platform had been removed at the time.",working_at_height,real_osha,2015041766
R015,"An employee fell from an elevated work platform on a drill rig while installing piping for the well, breaking both ankles.",working_at_height,real_osha,2015052675
R016,"A work crew was rigging up and had just installed a guardrail. Before it was secured with bolts, an employee leaned against it and fell 26 feet to the ground, sustaining five fractures to his back.",working_at_height,real_osha,2015075090
R017,An employee was injured when a Genie man lift rolled over. The employee was hospitalized.,working_at_height,real_osha,2015020647
R018,An employee's finger was crushed during rigging-down operations at a well site. Surgery was required to remove the finger to the first knuckle.,safe_mechanical_lifting,real_osha,2015040133
R019,"An employee was loading equipment onto a truck, standing on a lubricator rack/catwalk while releasing straps on a crane, when the catwalk collapsed. He fell about 5 feet to the truck below and hit his head.",safe_mechanical_lifting,real_osha,2015053314
R020,"An employee was lowering a roof over the mud tanks area during rigging-down procedures when the roof fell on top of him, fracturing his ribs.",safe_mechanical_lifting,real_osha,2015074926
R021,An employee suffered an amputation injury while rigging up a top drive at a well site.,safe_mechanical_lifting,real_osha,2015052926
R022,"An employee was driving down a lease road, struck a rock, over-corrected, and ran off the road into larger rocks that deployed the airbag. The employee suffered a possible concussion.",driving,real_osha,2018054628
R023,"An employee was driving an ATV on a gas well access road. Going downhill, the rear end slipped on leaves and the ATV slid into a rut and flipped, throwing the employee off. He suffered a broken collarbone and three broken ribs.",driving,real_osha,2021010693
R024,An employee operating construction equipment ran off the road at a construction site and suffered broken bones.,driving,real_osha,2021053647
R025,Crew started wireline job without a signed permit to work; supervisor said it would be filled in after the job to save time.,work_authorisation,synthetic,SYN-01
R026,Contractor began pipe fitting work on a live line before the JSA for the task was reviewed with the crew at toolbox talk.,work_authorisation,synthetic,SYN-02
R027,Operator noticed the high-pressure trip kept nuisance-tripping the compressor and bypassed the interlock to keep production running through the shift.,bypassing_safety_controls,synthetic,SYN-01
R028,Machine guard on the mud pump was left off after maintenance because reinstalling it was slowing down the next job.,bypassing_safety_controls,synthetic,SYN-02
R029,"Night shift electrician isolated the breaker for panel work without a signed electrical permit, relying only on verbal sign-off.",work_authorisation,synthetic,SYN-03
R030,"Vessel entry team entered a separator for inspection using the previous day's permit, which had already expired at shift change.",work_authorisation,synthetic,SYN-04
R031,Rigger began a crane lift near overhead power lines without a lift plan sign-off from the site supervisor.,work_authorisation,synthetic,SYN-05
R032,"Hot work permit was issued for a grinding job, but the fire watch was pulled to another task before the work finished.",work_authorisation,synthetic,SYN-06
R033,Scaffold was used for working at height before the scaffold tag inspection had been completed and signed.,work_authorisation,synthetic,SYN-07
R034,New contractor crew started excavation near buried pipeline markers without obtaining an excavation permit.,work_authorisation,synthetic,SYN-08
R035,"Pressure relief valve was gagged after repeated lifting during startup, to keep the unit online for the shift.",bypassing_safety_controls,synthetic,SYN-03
R036,Emergency shutdown pushbutton on the wellhead was taped over to prevent accidental trips during a workover.,bypassing_safety_controls,synthetic,SYN-04
R037,Gas detector alarm in the compressor shed was silenced and left disabled after nuisance alarms the previous week.,bypassing_safety_controls,synthetic,SYN-05
R038,Interlock on the guard door of a shale shaker was defeated with a jumper wire so the crew could clear a blockage without stopping the equipment.,bypassing_safety_controls,synthetic,SYN-06
R039,Low-level trip on a separator was overridden from the control room to avoid a false shutdown during a busy loading operation.,bypassing_safety_controls,synthetic,SYN-07
R040,Seatbelt interlock on a forklift was disconnected because it kept stalling the engine on rough ground.,bypassing_safety_controls,synthetic,SYN-08
R041,"Electrician started rewiring a junction box without verifying zero energy with a meter, relying only on the breaker tag.",energy_isolation,synthetic,SYN-01
R042,"Pipefitter opened a flange on a line believed to be isolated, but a bypass valve had not been closed, releasing residual product.",energy_isolation,synthetic,SYN-02
R043,Mechanic began a pump seal replacement after misreading an isolation tag meant for an adjacent pump.,energy_isolation,synthetic,SYN-03
R044,"Crew removed a lockout on a conveyor to check a jam, without re-isolating before reaching in.",energy_isolation,synthetic,SYN-04
R045,"Worker entered a mud pit for cleaning without a current gas test, relying on the previous day's reading.",confined_space,synthetic,SYN-01
R046,Attendant left a tank entry unattended briefly to answer a radio call while the entrant continued work inside.,confined_space,synthetic,SYN-02
R047,"Two workers entered a separator vessel for inspection without a signed entry permit, assuming it was a quick look.",confined_space,synthetic,SYN-03
R048,"Crew entered a below-grade vault to check a valve without testing for H2S, despite known sour gas history in the area.",confined_space,synthetic,SYN-04
R049,A worker stood under a suspended load while helping guide a pipe section into position with a tag line.,line_of_fire,synthetic,SYN-01
R050,An employee walked through the swing radius of an active crane to reach a tool cart on the far side.,line_of_fire,synthetic,SYN-02
R051,A crew member stood near a pressurized hose connection while it was being pressure-tested.,line_of_fire,synthetic,SYN-03
R052,A worker positioned himself between a truck and a loading rack while the truck was still being spotted.,line_of_fire,synthetic,SYN-04
R053,Welder began cutting near a tank containing residual hydrocarbon vapors without a gas test beforehand.,hot_work,synthetic,SYN-01
R054,Grinding sparks ignited nearby rags soaked in solvent that had not been cleared from the work area.,hot_work,synthetic,SYN-02
R055,"A hot work permit was issued for one location, but the crew moved to weld at a second spot without re-checking the atmosphere there.",hot_work,synthetic,SYN-03
R056,"Fire watch was not maintained for the required time after welding finished, and a smoldering ember reignited nearby insulation.",hot_work,synthetic,SYN-04
R057,"A worker climbed a ladder to a platform without securing the ladder's base, and it slid out from under him.",working_at_height,synthetic,SYN-01
R058,An employee leaned over an unguarded edge of a tank roof to retrieve a dropped tool.,working_at_height,synthetic,SYN-02
R059,A worker used a harness but failed to clip the lanyard to an approved anchor point while working on a flare stack.,working_at_height,synthetic,SYN-03
R060,"A crew member stood on the top rung of a stepladder to reach a valve, losing balance when it wobbled.",working_at_height,synthetic,SYN-04
R061,A rigger used a sling rated below the load weight because the correct sling was not available on site.,safe_mechanical_lifting,synthetic,SYN-01
R062,"A crane operator lifted a load with the boom angle steeper than the load chart allowed, causing the load to swing.",safe_mechanical_lifting,synthetic,SYN-02
R063,A worker stood within the fall radius while guiding a suspended pipe rack into place by hand.,safe_mechanical_lifting,synthetic,SYN-03
R064,"A tagline was not used during the lift of an awkward-shaped load, allowing it to spin and strike a nearby worker.",safe_mechanical_lifting,synthetic,SYN-04
R065,A driver checked a work order on a mobile phone while driving on a lease road and drifted off the shoulder.,driving,synthetic,SYN-01
R066,A crew truck driver exceeded the site speed limit on a gravel access road and lost control on a curve.,driving,synthetic,SYN-02
R067,A night-shift driver was assigned a long solo trip to a remote well pad without a fatigue break and drifted into the oncoming lane.,driving,synthetic,SYN-03
R068,A driver failed to wear a seatbelt on a short site move and was thrown from the vehicle after hitting a pothole.,driving,synthetic,SYN-04
R069,"Wireline crew began rig-up work using a permit written for a different pad, since the correct one had not been issued yet.",work_authorisation,synthetic,SYN-09
R070,"A pipefitter started tie-in work after the permit's time window had expired, assuming the extension was automatic.",work_authorisation,synthetic,SYN-10
R071,Crane operator moved a load without a signed lift permit because the crew lead said they had done this move before.,work_authorisation,synthetic,SYN-11
R072,Electrical isolation was performed by a technician who was not listed as an authorized isolator on the permit.,work_authorisation,synthetic,SYN-12
R073,A confined space entry was authorized verbally by a supervisor over radio instead of a signed permit.,work_authorisation,synthetic,SYN-13
R074,A pressure switch that kept nuisance-tripping the pump was wired around during a night shift to avoid repeated callouts.,bypassing_safety_controls,synthetic,SYN-09
R075,Guard on a rotating shaft was removed to clear a wrap and not reinstalled before restart.,bypassing_safety_controls,synthetic,SYN-10
R076,A high-high level alarm on a tank was muted in the DCS after repeated false alarms during a rain event.,bypassing_safety_controls,synthetic,SYN-11
R077,A fall-arrest anchor point's failed inspection tag was ignored and the line was used anyway because no spare was available.,bypassing_safety_controls,synthetic,SYN-12
R078,A vehicle's reverse alarm was disconnected after complaints about noise on night shift.,bypassing_safety_controls,synthetic,SYN-13
R079,"A technician assumed a valve was closed based on the handle position, without confirming with a pressure gauge.",energy_isolation,synthetic,SYN-05
R080,"Two isolation points were required for the job, but only one was locked out before work began.",energy_isolation,synthetic,SYN-06
R081,"A worker removed a lock from an isolated breaker to test if power was restored, without informing the crew.",energy_isolation,synthetic,SYN-07
R082,An isolation certificate was transferred to a new crew without a walkdown to confirm the points were still isolated.,energy_isolation,synthetic,SYN-08
R083,"A hydraulic line was assumed depressurized after shutdown, but stored pressure remained and sprayed fluid when disconnected.",energy_isolation,synthetic,SYN-09
R084,"Gas testing equipment was not calibrated before use, giving a false safe reading inside a tank.",confined_space,synthetic,SYN-05
R085,An entrant continued working after the attendant left the entry point to retrieve a forgotten tool.,confined_space,synthetic,SYN-06
R086,A ventilation blower was turned off partway through the job because it was making entry uncomfortably loud.,confined_space,synthetic,SYN-07
R087,A worker climbed into a pit through a secondary opening that had not been included in the entry permit.,confined_space,synthetic,SYN-08
R088,Rescue equipment listed on the confined space permit was not actually staged at the entry point.,confined_space,synthetic,SYN-09
R089,A worker crouched next to a wellhead during a pressure test instead of standing behind the designated barrier.,line_of_fire,synthetic,SYN-05
R090,An employee reached into a pinch point on a conveyor to clear debris while it was still running.,line_of_fire,synthetic,SYN-06
R091,A worker walked under a boom while a crane was repositioning a load overhead.,line_of_fire,synthetic,SYN-07
R092,Two workers stood on opposite sides of a pipe being straightened under tension when it snapped.,line_of_fire,synthetic,SYN-08
R093,A worker stood downwind of a pressure relief vent during a blowdown.,line_of_fire,synthetic,SYN-09
R094,"A welding blanket was not used to shield nearby insulation, which later ignited from stray sparks.",hot_work,synthetic,SYN-05
R095,Gas testing was performed at the start of a hot work job but not repeated after a shift change several hours later.,hot_work,synthetic,SYN-06
R096,A grinder was used near an open drum of solvent that had not been moved out of the hot work area.,hot_work,synthetic,SYN-07
R097,Hot work continued through a wind shift that blew sparks toward a nearby vent stack.,hot_work,synthetic,SYN-08
R098,"A contractor began cutting a pipe believed to be empty, but residual product ignited when the torch made contact.",hot_work,synthetic,SYN-09
R099,"A worker used an extension ladder that was too short for the platform, overreaching from the top rungs.",working_at_height,synthetic,SYN-05
R100,Fall protection was clipped to a handrail instead of a rated anchor point on an elevated walkway.,working_at_height,synthetic,SYN-06
R101,A worker removed his harness briefly to reposition tools and slipped before reattaching.,working_at_height,synthetic,SYN-07
R102,"Scaffold planks were missing toe boards, and a dropped tool struck a worker below.",working_at_height,synthetic,SYN-08
R103,A worker climbed onto equipment to gain height instead of using the available man-lift.,working_at_height,synthetic,SYN-09
R104,A load was lifted using a single-leg sling instead of the required multi-leg configuration for the shape of the load.,safe_mechanical_lifting,synthetic,SYN-05
R105,"Riggers proceeded with a lift after noticing a frayed section of the sling, planning to inspect it after the job.",safe_mechanical_lifting,synthetic,SYN-06
R106,A crane's outriggers were not fully extended before a lift near the edge of its rated capacity.,safe_mechanical_lifting,synthetic,SYN-07
R107,"A worker used his hands to guide a load into place instead of a tag line, and his fingers were caught.",safe_mechanical_lifting,synthetic,SYN-08
R108,Two cranes were used to lift a single load without a documented dual-lift plan.,safe_mechanical_lifting,synthetic,SYN-09
R109,A driver skipped the pre-trip vehicle inspection and later discovered the brakes were low on fluid mid-route.,driving,synthetic,SYN-05
R110,A supervisor pressured a driver to keep driving past the mandated rest break to make a delivery window.,driving,synthetic,SYN-06
R111,A driver took a shortcut on an unmaintained lease road in heavy rain and became stuck near a wash-out.,driving,synthetic,SYN-07
R112,A worker rode in the bed of a pickup truck between well pads instead of using the cab.,driving,synthetic,SYN-08
R113,A driver failed to chain up in icy conditions on a mountain access road and slid off the shoulder.,driving,synthetic,SYN-09
